{"cameraMode":{"drawMode":0,"name":"Shaded","section":"Shading Mode"},"sceneLighting":false,"audioPlay":false,"sceneViewState":{"showFog":true,"showMaterialUpdate":false,"showSkybox":true,"showFlares":true,"showImageEffects":true,"showParticleSystems":true},"in2DMode":false,"pivot":{"x":242.45089721679688,"y":7.772519111633301,"z":201.3256378173828},"rotation":{"x":-0.14900630712509156,"y":0.5474207997322083,"z":-0.09978894889354706,"w":-0.8174165487289429},"size":22.0,"orthographic":false}