{"cameraMode":{"drawMode":0,"name":"Shaded","section":"Shading Mode"},"sceneLighting":false,"audioPlay":false,"sceneViewState":{"showFog":true,"showMaterialUpdate":false,"showSkybox":true,"showFlares":true,"showImageEffects":true,"showParticleSystems":true},"in2DMode":false,"pivot":{"x":234.11756896972657,"y":1.7809607982635499,"z":203.5582275390625},"rotation":{"x":-0.14900630712509156,"y":0.5474207997322083,"z":-0.09978894889354706,"w":-0.8174165487289429},"size":27.368839263916017,"orthographic":false}